protocol,visible_logdet,cov_trace
A,2.106979977164596,0.7244906585510187
B,1.436822314829349,1.055456927889086
