row,sepal_length,sepal_width,petal_length,petal_width
sepal_length,0.8324242424242426,0.004393939393939396,1.5156060606060606,0.6096969696969697
sepal_width,0.004393939393939396,0.09537878787878791,-0.14356060606060614,-0.05787878787878792
petal_length,1.5156060606060606,-0.14356060606060614,3.6135606060606063,1.5506060606060605
petal_width,0.6096969696969697,-0.05787878787878792,1.5506060606060605,0.6878787878787878
