row,sepal_length,sepal_width
sepal_length,0.8324242424242426,0.004393939393939396
sepal_width,0.004393939393939396,0.09537878787878791
