row,petal_length,petal_width
petal_length,3.6135606060606063,1.5506060606060605
petal_width,1.5506060606060605,0.6878787878787878
