row,ifeval,bbh,math_lvl5,mmlu_pro
ifeval,319.114763645839,166.42723842227798,179.2297073738825,112.88212281151552
bbh,166.42723842227798,153.47036804332893,120.11556132114048,107.4160876881695
math_lvl5,179.2297073738825,120.11556132114048,111.30975143618633,82.797948778271
mmlu_pro,112.88212281151552,107.4160876881695,82.797948778271,75.27566356609302
