row,ifeval,bbh
ifeval,319.114763645839,166.42723842227798
bbh,166.42723842227798,153.47036804332893
