row,bbh,mmlu_pro
bbh,153.47036804332893,107.4160876881695
mmlu_pro,107.4160876881695,75.27566356609302
