model,ifeval,bbh,math_lvl5,mmlu_pro
01-ai/Yi-1.5-6B,26.166017,22.027905,6.646526,23.823508
01-ai/Yi-1.5-6B-Chat,51.452701,23.678723,16.238671,24.368351
01-ai/Yi-1.5-34B-Chat,60.667584,44.262826,27.719033,39.116061
